,Faster R-CNN [40],gLSTM [34],LSTM,DBN,BI-GRU,CNN+CMBO,CNN+SSA,CNN+WHO,CNN+SSO,CNN + SMO-SCME
BLEU_1,0.7812549,0.759347363,0.760554143,0.771363061,0.785757587,0.77395732,0.753620133,0.78554143,0.782623738,0.801594275
BLEU_2,0.609464784,0.595822517,0.58606815,0.609190036,0.626549244,0.597297722,0.581875813,0.58606815,0.577184323,0.632641491
BLEU_3,0.465372466,0.458427201,0.447355323,0.473164495,0.488563756,0.460327921,0.442656305,0.483164495,0.484886148,0.494165257
BLEU_4,0.244929386,0.265982149,0.265450233,0.286466395,0.303702158,0.267320241,0.240539609,0.296466395,0.297254902,0.359410121
CIDER,1.090328684,1.127016179,1.112837874,1.166605046,1.22696184,1.150796241,1.144201879,1.176605046,1.18300986,1.571770219
ROUGE,0.641129977,0.637214899,0.632915956,0.646481508,0.659776907,0.660098603,0.644954671,0.656481508,0.650227832,0.694897087
METEOR,0.341897248,0.350720832,0.356117378,0.366437133,0.364883892,0.37419882,0.360344323,0.366437133,0.359231738,0.391400031
