,Faster R-CNN [40],gLSTM [34],LSTM,DBN,BI-GRU,CNN+CMBO,CNN+SSA,CNN+WHO,CNN+SSO,LSTM[41],CNN,CNN + SMO-SCME
BLEU_1,0.785524478,0.795597366,0.777576726,0.772502744,0.789548414,0.808077288,0.787745824,0.777576726,0.760632717,0.665524478,0.63524,0.804017358
BLEU_2,0.617944737,0.630240016,0.622066082,0.614867908,0.634536748,0.650426917,0.629820243,0.612066082,0.592410246,0.497944737,0.4582163,0.636030473
BLEU_3,0.483388306,0.50237397,0.489764809,0.480175948,0.49857444,0.510922394,0.489843981,0.479764809,0.46235281,0.363388306,0.398574,0.557263158
BLEU_4,0.313101027,0.345882106,0.340269925,0.331676114,0.32042566,0.357933829,0.279521989,0.330269925,0.294911344,0.193101027,0.121457,0.365808599
CIDER,1.226781357,1.254328142,1.178498012,1.265137757,1.293767416,1.398015121,1.302824313,1.168498012,1.06026204,1.106781357,1.1012456,1.608635067
ROUGE,0.658958732,0.674041906,0.658596399,0.674483353,0.664034514,0.695424282,0.68620051,0.648596399,0.629912514,0.538958732,0.485218959,0.702579155
METEOR,0.362717128,0.387521452,0.372814999,0.384292592,0.377320352,0.331508373,0.374914211,0.362814999,0.33438582,0.242717128,0.32415,0.3953127
