CMBO,SSO,SSA,WHO,SMO,HYBRID
185.9695778,62.68919182,435.3598163,177.5201352,116.3862948,99.23926878
