,PROP+WOUT+LFEAT,PROP+WOUT+HFEAT,PROP+WOUT+OPTIM
BLEU_1,0.61812549,0.759313631,0.77395732
BLEU_2,0.550946478,0.495822517,0.597297722
BLEU_3,0.365372466,0.358427201,0.460327921
BLEU_4,0.144986277,0.165982149,0.267320241
CIDER,1.09032868,1.107016179,1.150796241
ROUGE,0.641129974,0.537214899,0.660098603
METEOR,0.341811248,0.250723236,0.37419882
