,BP1,BP2,LSTM,DBN,BI-GRU,CNN+CMBO,CNN+SSA,CNN+WHO,CNN+SSO,CNN+SMO
Mean,0.791741087,0.782703618,0.78022059,0.779438502,0.792215588,0.792699467,0.7776673,0.772979164,0.765705021,0.802661107
Median,0.789668025,0.784747255,0.783693653,0.77958829,0.791599463,0.79438163,0.784442637,0.782984418,0.779406005,0.802516398
Std-Dev,0.009578593,0.01703387,0.012723341,0.007518836,0.005244486,0.015035517,0.014160465,0.020396135,0.024854125,0.000974702
Min,0.7812549,0.759347363,0.760554143,0.771363061,0.785757587,0.77395732,0.753620133,0.738974226,0.722905499,0.801594275
Max,0.806373397,0.801972598,0.792940909,0.787214366,0.799905838,0.808077288,0.788163794,0.786973596,0.781102574,0.804017358
