,PROP+WOUT+LFEAT,PROP+WOUT+HFEAT
BLEU_1,0.61812549,0.759313631
BLEU_2,0.550946478,0.495822517
BLEU_3,0.365372466,0.358427201
BLEU_4,0.144986277,0.165982149
CIDER,1.09032868,1.107016179
ROUGE,0.641129974,0.537214899
METEOR,0.341811248,0.250723236
