,paper2(prop),paper1(prop)
BLEU_1,0.801594275,0.7666023998908876
BLEU_2,0.632641491,0.5801255915230248
BLEU_3,0.494165257,0.4352340370555728
BLEU_4,0.359410121,0.2628570437263991
CIDER,1.571770219,1.4289043987518395
ROUGE,0.694897087,0.6274806137949481
METEOR,0.391400031,0.3744502391946283
