CMBO,SSO,SSA,WHO,SMO,HYBRID
185.1969578,92.68919182,415.3598163,179.5201352,116.3862988,99.2390878
