CMBO,SSO,SSA,WHO,SMO,HYBRID
7.324968338,7.348017216,7.366992474,7.35271883,7.344760895,7.348017216
