CMBO,SSO,SSA,WHO,SMO,HYBRID
7.336779594,7.381380558,7.367916584,7.276178837,7.335404396,7.276178837
