CMBO,SSO,SSA,WHO,SMO,HYBRID
1.000501154,1.00048137,1.000691757,1.000483802,1.000638114,1.000464667
