CMBO,SSO,SSA,WHO,SMO,HYBRID
7.349541664,7.343531132,7.319037437,7.315806389,7.337175369,7.319037437
