,BP1,BP2,LSTM,DBN,BI-GRU,CNN+WOUT_OPTIM,CNN+WOUT+FEAT,CNN
Mean,0.791741086606726,0.7827036176966905,0.7802205895574251,0.7794385019103915,0.7922155878927194,0.7926994671946982,0.777667300404151,0.8026611071753312
Median,0.7896680249012633,0.7847472550791212,0.7836936529594216,0.7795882903018213,0.7915994634299179,0.7943816304018458,0.7844426373583584,0.8025163978938639
Std-Dev,0.00957859274673691,0.017033870236786965,0.012723340633343388,0.0075188364551496195,0.005244486330624796,0.015035517377058504,0.014160465249660654,0.0009747021453221271
Min,0.7812548996831459,0.7593473630532117,0.7605541429452618,0.7713630614449226,0.7857575868661529,0.7739573199712094,0.7536201330071972,0.8015942749122908
Max,0.8063733969412317,0.8019725975753079,0.7929409093655956,0.787214365593001,0.7999058378448884,0.8080772880038914,0.7881637938926901,0.8040173580013065
